{"mean_amt": 135.02717637247264, "std_amt": 239.16252201373402, "feature_cols": ["TransactionAmt", "TransactionAmt_log", "TransactionAmt_zscore", "amt_round", "decimal_part", "amt_cents", "hour", "day_of_week", "is_weekend", "is_night", "is_morning", "ProductCD", "card4", "card6", "P_emaildomain", "R_emaildomain", "DeviceType", "DeviceInfo", "card1", "card2", "card3", "card5", "addr1", "addr2", "dist1", "dist2", "dist1_log", "dist2_log", "id_01", "id_02", "id_03", "id_04", "id_05", "id_06", "id_07", "id_08", "id_09", "id_10", "id_11", "id_12", "id_13", "id_14", "id_15", "V257", "V246", "V244", "V242", "V201", "V200", "V189", "V188", "V258", "V45", "V158", "V156", "V149", "V228", "V44", "V86", "V87", "V170", "V147", "V52", "V157", "V155", "V230", "V199", "V148", "V51", "V171", "V40", "V243", "V154", "V190", "V39", "V38", "V146", "V43", "V140", "V79", "V42", "V94", "V74", "V33", "V153", "V17", "V18", "V81", "V93", "V92", "V34", "V80", "V50", "V247", "V15", "V37", "V16", "V73", "V58", "V84", "V57", "V85", "V222", "V21", "V176", "V47", "V31", "V72", "V32", "V22", "V77", "V71", "V197"], "best_threshold": 0.9388890544532029}